src,dst,Protocol,pktrate,pktperflow,dur,dur_nsec,bytecount,pktcount,label
-1.0,0.0,0.0,0.0,0.8164965809277261,-1.1770736897788885,-1.2520854588603068,-1.176889298091283,-1.176889298091283,0
-1.0,0.0,0.0,0.0,-2.4494897427831783,1.7453161607066277,0.13483997249264842,1.7460072574074663,1.7460072574074663,0
1.0,0.0,0.0,0.0,0.0,0.4464762271575094,0.905354101022068,0.4461651592165956,0.4461651592165956,0
1.0,0.0,0.0,0.0,0.0,0.4464762271575094,0.905354101022068,0.4461651592165956,0.4461651592165956,0
1.0,0.0,0.0,0.0,0.0,0.4464762271575094,0.905354101022068,0.4461651592165956,0.4461651592165956,0
1.0,0.0,0.0,0.0,0.0,0.4464762271575094,0.905354101022068,0.4461651592165956,0.4461651592165956,0
-1.0,0.0,0.0,0.0,0.8164965809277261,-1.1770736897788885,-1.2520854588603068,-1.176889298091283,-1.176889298091283,0
-1.0,0.0,0.0,0.0,0.8164965809277261,-1.1770736897788885,-1.2520854588603068,-1.176889298091283,-1.176889298091283,0
