dst,src,Protocol,pktcount,pktcount.1,label
0.0,-1.0,0.0,-1.4878636559103062,-1.4878636559103062,0
0.0,-1.0,0.0,1.3319565410273946,1.3319565410273946,0
0.0,1.0,0.0,0.07795355744145578,0.07795355744145578,0
0.0,1.0,0.0,0.07795355744145578,0.07795355744145578,0
