dst,src,Protocol,bytecount,label
0.0,-0.7071067811865477,0.0,-1.2673086414635657,0
0.0,-0.7071067811865477,0.0,1.1772043234489464,0
0.0,1.4142135623730951,0.0,0.09010431801461936,0
