dst,src,Protocol,pktcount,pktcount.1,label
-1.212678125181665,-1.3598002073001698,-1.0,-0.6855624878708887,-0.6855624878708887,0
-0.7276068751089989,-0.38851434494290565,1.0,1.7148386780971436,1.7148386780971436,1
0.7276068751089989,0.38851434494290565,-1.0,-0.6873048919256332,-0.6873048919256332,0
1.212678125181665,1.3598002073001698,1.0,-0.34197129830062173,-0.34197129830062173,0
