dst,src,Protocol,bytecount,label
-0.9805806756909198,-1.2675004445952593,-0.7071067811865474,-0.7057050158086856,0
-0.3922322702763677,0.09053574604251843,1.4142135623730951,1.4142126366998649,1
1.3728129459672886,1.1769646985527407,-0.7071067811865474,-0.708507620891179,0
