pktrate,pktperflow,Protocol,src,dst,label
-0.9588484741378521,-0.956735772217602,-1.0,-1.3598002073001698,-1.212678125181665,0
1.3688074417027296,1.3684897060832113,1.0,-0.38851434494290565,-0.7276068751089989,1
-0.9542933744982424,-0.9565839455458226,-1.0,0.38851434494290565,0.7276068751089989,0
0.544334406933365,0.5448300116802134,1.0,1.3598002073001698,1.212678125181665,0
