src,dst,Protocol,pktrate,pktperflow,dur,dur_nsec,bytecount,pktcount,label
-1.2357693221722905,0.0,-0.9045340337332909,-1.2006274584695265,-1.198633669983418,1.5907827213381893,-1.0519176789401739,-0.8270950731399903,-0.9043528248622917,0
-0.45115387952321717,0.2250175801852048,0.30151134457776363,1.419855750405767,1.4197377395476387,-0.315928334352807,-1.429189377055805,-0.5535305453178231,2.2267675846603154,1
0.1765384745960415,0.9000703207408192,-0.9045340337332909,-1.1954993112897314,-1.1984627022126357,1.0751112839058998,-1.026974095593686,-0.8274567349881085,-0.9066256436622465,0
0.9611539172451148,1.125087900926024,0.30151134457776363,0.4916611108628547,0.4922375830536143,-1.226311242412281,0.15472816544618342,-0.7797714819227296,-0.45616716262872264,0
-1.0788462336424758,0.0,1.507556722888818,0.2044848687943294,0.20227624380681888,-0.6246945654079433,0.02065640495881038,1.2681716701069246,0.32167666142077755,1
-0.9219231451126612,0.9000703207408192,1.507556722888818,1.1224232139776513,1.124134463865027,-1.0257723500775018,0.9092715616774456,0.9739531600245858,0.12378516953222088,0
1.4319231828345589,-1.8001406414816383,-0.9045340337332909,0.3583292841881822,0.3573440119063728,-0.4878188134969035,1.2771894160381436,1.5732580725948733,0.5019964229621844,1
1.1180770057749294,-1.3501054811112287,-0.9045340337332909,-1.2006274584695265,-1.198633669983418,1.0146313005033474,1.1462356034690817,-0.827529067357732,-0.9070802074222374,0
